version,name,date,download_count
v1.1.7,rootfs_tar_gz,2025-01-14,510
v1.1.7,rootfs_tar_gz,2025-01-13,509
v1.1.7,rootfs_tar_gz,2025-01-12,509
v1.1.7,rootfs_tar_gz,2025-01-11,509
v1.1.7,rootfs_tar_gz,2025-01-10,508
v1.1.7,rootfs_tar_gz,2025-01-09,507
v1.1.7,rootfs_tar_gz,2025-01-08,505
v1.1.7,rootfs_tar_gz,2025-01-07,505
v1.1.7,rootfs_tar_gz,2025-01-06,505
v1.1.7,rootfs_tar_gz,2025-01-05,503
v1.1.7,rootfs_tar_gz,2025-01-04,503
v1.1.7,rootfs_tar_gz,2025-01-03,503
v1.1.7,rootfs_tar_gz,2025-01-02,503
v1.1.7,rootfs_tar_gz,2025-01-01,503
v1.1.7,rootfs_tar_gz,2024-12-31,503
v1.1.7,rootfs_tar_gz,2024-12-30,502
v1.1.7,rootfs_tar_gz,2024-12-29,498
v1.1.7,rootfs_tar_gz,2024-12-28,497
v1.1.7,rootfs_tar_gz,2024-12-27,497
v1.1.7,rootfs_tar_gz,2024-12-26,495
v1.1.7,rootfs_tar_gz,2024-12-25,495
v1.1.7,rootfs_tar_gz,2024-12-24,495
v1.1.7,rootfs_tar_gz,2024-12-23,494
v1.1.7,rootfs_tar_gz,2024-12-22,494
v1.1.7,rootfs_tar_gz,2024-12-21,493
v1.1.7,rootfs_tar_gz,2024-12-20,492
v1.1.7,rootfs_tar_gz,2024-12-19,489
v1.1.7,rootfs_tar_gz,2024-12-18,489
v1.1.7,rootfs_tar_gz,2024-12-17,488
v1.1.7,rootfs_tar_gz,2024-12-16,488
v1.1.7,rootfs_tar_gz,2024-12-15,485
v1.1.7,rootfs_tar_gz,2024-12-14,485
v1.1.7,rootfs_tar_gz,2024-12-13,485
v1.1.7,rootfs_tar_gz,2024-12-12,482
v1.1.7,rootfs_tar_gz,2024-12-11,478
v1.1.7,rootfs_tar_gz,2024-12-10,477
v1.1.7,rootfs_tar_gz,2024-12-09,477
v1.1.7,rootfs_tar_gz,2024-12-08,476
v1.1.7,rootfs_tar_gz,2024-12-07,475
v1.1.7,rootfs_tar_gz,2024-12-06,475
v1.1.7,rootfs_tar_gz,2024-12-05,475
v1.1.7,rootfs_tar_gz,2024-12-04,475
v1.1.7,rootfs_tar_gz,2024-12-03,474
v1.1.7,rootfs_tar_gz,2024-12-02,474
v1.1.7,rootfs_tar_gz,2024-12-01,471
v1.1.7,rootfs_tar_gz,2024-11-30,469
v1.1.7,rootfs_tar_gz,2024-11-29,468
v1.1.7,rootfs_tar_gz,2024-11-28,468
v1.1.7,rootfs_tar_gz,2024-11-27,467
v1.1.7,rootfs_tar_gz,2024-11-26,465
v1.1.7,rootfs_tar_gz,2024-11-25,464
v1.1.7,rootfs_tar_gz,2024-11-24,464
v1.1.7,rootfs_tar_gz,2024-11-23,463
v1.1.7,rootfs_tar_gz,2024-11-22,461
v1.1.7,rootfs_tar_gz,2024-11-21,461
v1.1.7,rootfs_tar_gz,2024-11-20,459
v1.1.7,rootfs_tar_gz,2024-11-19,457
v1.1.7,rootfs_tar_gz,2024-11-18,454
v1.1.7,rootfs_tar_gz,2024-11-17,449
v1.1.7,rootfs_tar_gz,2024-11-16,448
v1.1.7,rootfs_tar_gz,2024-11-15,447
v1.1.7,rootfs_tar_gz,2024-11-14,445
v1.1.7,rootfs_tar_gz,2024-11-13,439
v1.1.7,rootfs_tar_gz,2024-11-12,439
v1.1.7,rootfs_tar_gz,2024-11-11,439
v1.1.7,rootfs_tar_gz,2024-11-10,438
v1.1.7,rootfs_tar_gz,2024-11-09,438
v1.1.7,rootfs_tar_gz,2024-11-08,438
v1.1.7,rootfs_tar_gz,2024-11-07,438
v1.1.7,rootfs_tar_gz,2024-11-06,437
v1.1.7,rootfs_tar_gz,2024-11-05,437
v1.1.7,rootfs_tar_gz,2024-11-04,434
v1.1.7,rootfs_tar_gz,2024-11-03,434
v1.1.7,rootfs_tar_gz,2024-11-02,432
v1.1.7,rootfs_tar_gz,2024-11-01,431
v1.1.7,rootfs_tar_gz,2024-10-31,417
v1.1.7,rootfs_tar_gz,2024-10-30,415
v1.1.7,rootfs_tar_gz,2024-10-29,413
v1.1.7,rootfs_tar_gz,2024-10-28,413
v1.1.7,rootfs_tar_gz,2024-10-27,413
v1.1.7,rootfs_tar_gz,2024-10-26,409
v1.1.7,rootfs_tar_gz,2024-10-25,408
v1.1.7,rootfs_tar_gz,2024-10-24,408
v1.1.7,rootfs_tar_gz,2024-10-23,408
v1.1.7,rootfs_tar_gz,2024-10-22,404
v1.1.7,rootfs_tar_gz,2024-10-21,404
v1.1.7,rootfs_tar_gz,2024-10-20,403
v1.1.7,rootfs_tar_gz,2024-10-19,403
v1.1.7,rootfs_tar_gz,2024-10-18,401
v1.1.7,rootfs_tar_gz,2024-10-17,399
v1.1.7,rootfs_tar_gz,2024-10-16,398
v1.1.7,rootfs_tar_gz,2024-10-15,396
v1.1.7,rootfs_tar_gz,2024-10-14,396
v1.1.7,rootfs_tar_gz,2024-10-13,396
v1.1.7,rootfs_tar_gz,2024-10-12,394
v1.1.7,rootfs_tar_gz,2024-10-11,393
v1.1.7,rootfs_tar_gz,2024-10-10,392
v1.1.7,rootfs_tar_gz,2024-10-09,390
v1.1.7,rootfs_tar_gz,2024-10-08,388
v1.1.7,rootfs_tar_gz,2024-10-07,384
v1.1.7,rootfs_tar_gz,2024-10-06,382
v1.1.7,rootfs_tar_gz,2024-10-05,380
v1.1.7,rootfs_tar_gz,2024-10-04,377
v1.1.7,rootfs_tar_gz,2024-10-03,373
v1.1.7,rootfs_tar_gz,2024-10-02,357
v1.1.7,rootfs_tar_gz,2024-10-02,355
v1.1.7,rootfs_tar_gz,2024-10-01,355
