smurai42	https://github.com/user-attachments/assets/a6e8846d-ed33-4da6-b740-725477f09975
cmdclick_git_log	https://github.com/user-attachments/assets/0120f2ce-f3b9-4a52-a7bf-6c6793766e28
cmdclick_backGround_least_set	https://github.com/user-attachments/assets/ed3eb9dc-2db1-4be9-bc2a-d99202df257e
cmdclck_launcher_backgraound2	https://github.com/user-attachments/assets/83064351-94a7-4f65-b342-2bc90e4c2874
c_yakei_over_crystal	https://github.com/user-attachments/assets/edd63806-5a4f-4d52-9033-16efc9ac6568
c_yakei_crystal	https://github.com/user-attachments/assets/9e978a5b-207e-41a7-9e4a-614c2de430af
c_sand	https://github.com/user-attachments/assets/395092ce-7e51-4171-96e3-2af099a941bc
c_rex_raw3	https://github.com/user-attachments/assets/43aa950d-818b-48ba-8941-96714c8339dd
c_rex_normal	https://github.com/user-attachments/assets/aa93a8e7-394b-4c6d-b778-1c4a17ae1db9
c_rex_back	https://github.com/user-attachments/assets/ccd309e3-2f19-4683-914f-019d451efe99
c_crystal_yakei	https://github.com/user-attachments/assets/4974d225-49b1-4110-bbd3-4ba4f0e5b4b0
c_crystal2	https://github.com/user-attachments/assets/540d5143-d63e-4881-9310-1f3d573b392e
c_background4_270	https://github.com/user-attachments/assets/083575fd-ee80-4c7d-a476-c76b050dbbe5
c_background3_180	https://github.com/user-attachments/assets/49df240b-9ec1-4de4-880f-03e4d6cb2f13
c_background2_90	https://github.com/user-attachments/assets/a3665585-629b-4961-81f1-b8620995717d
c_background	https://github.com/user-attachments/assets/c5ce5b7f-be32-4978-8f6d-9b917eacaed9
bloom_cc_wave_bk_suisei_flip	https://github.com/user-attachments/assets/b6fc3fab-0387-4c48-91fb-5de3e0b9bf7e
bloom_cc_wave_bk_bottom	https://github.com/user-attachments/assets/ffba7d64-9f61-4615-ba61-5142cfb12b12
bloom_cc_wave_bk	https://github.com/user-attachments/assets/f29070a5-1142-4db1-8a34-d705fd98e1a3